Workbook

Sheet Incentive Slabs
A1: Task Category | B1: Employee Grade | C1: Min Completion % | D1: Max Completion % | E1: Payout Per Task
A2: C1 | B2: L1 | C2: 100 | D2: 110 | E2: 45
A3: C1 | B3: L1 | C3: 110 | D3: 120 | E3: 200
A4: C1 | B4: L1 | C4: 120 | D4: 999 | E4: 55
A5: C1 | B5: L2 | C5: 100 | D5: 110 | E5: 50
A6: C1 | B6: L2 | C6: 110 | D6: 120 | E6: 55
A7: C1 | B7: L2 | C7: 120 | D7: 999 | E7: 60
A8: C2 | B8: L1 | C8: 100 | D8: 110 | E8: 30
A9: C2 | B9: L1 | C9: 110 | D9: 120 | E9: 35
A10: C2 | B10: L1 | C10: 120 | D10: 999 | E10: 40
A11: C2 | B11: L2 | C11: 100 | D11: 110 | E11: 35
A12: C2 | B12: L2 | C12: 110 | D12: 120 | E12: 40
A13: C2 | B13: L2 | C13: 120 | D13: 999 | E13: 45
... A19: C3 | B19: L2 | C19: 120 | D19: 999 | E19: 35

Sheet Agent Performance
A1: Agent Name | B1: Employee Grade | C1: Task Category | D1: Target Tasks | E1: Tasks Completed | F1: Completion % | G1: Payout Per Task | H1: Total Incentive
A2: Agent A | B2: L1 | C2: C1 | D2: 100 | E2: 115 | F2: =ROUND(E2/D2*100,1) -> 115 | G2: =SUMPRODUCT(('Incentive Slabs'!A$2:A$19=C2)*('Incentive Slabs'!B$2:B$19=B2)*('Incentive Slabs'!C$2:C$19<=F2)*('Incentive Slabs'!D$2:D$19>F2)*'Incentive Slabs'!E$2:E$19) -> 200 | H2: =E2*G2 -> 23000
A3: Agent A | B3: L1 | C3: C2 | D3: 80 | E3: 100 | F3: =ROUND(E3/D3*100,1) -> 125 | G3: =SUMPRODUCT(('Incentive Slabs'!A$2:A$19=C3)*('Incentive Slabs'!B$2:B$19=B3)*('Incentive Slabs'!C$2:C$19<=F3)*('Incentive Slabs'!D$2:D$19>F3)*'Incentive Slabs'!E$2:E$19) -> 40 | H3: =E3*G3 -> 4000
A4: Agent B | B4: L2 | C4: C1 | D4: 90 | E4: 110 | F4: =ROUND(E4/D4*100,1) -> 122.2 | G4: =SUMPRODUCT(('Incentive Slabs'!A$2:A$19=C4)*('Incentive Slabs'!B$2:B$19=B4)*('Incentive Slabs'!C$2:C$19<=F4)*('Incentive Slabs'!D$2:D$19>F4)*'Incentive Slabs'!E$2:E$19) -> 60 | H4: =E4*G4 -> 6600
A5: Agent B | B5: L2 | C5: C3 | D5: 50 | E5: 45 | F5: =ROUND(E5/D5*100,1) -> 90 | G5: =SUMPRODUCT(('Incentive Slabs'!A$2:A$19=C5)*('Incentive Slabs'!B$2:B$19=B5)*('Incentive Slabs'!C$2:C$19<=F5)*('Incentive Slabs'!D$2:D$19>F5)*'Incentive Slabs'!E$2:E$19) -> 0 | H5: =E5*G5 -> 0
A6: Agent C | B6: L1 | C6: C1 | D6: 100 | E6: 125 | F6: =ROUND(E6/D6*100,1) -> 125 | G6: =SUMPRODUCT(('Incentive Slabs'!A$2:A$19=C6)*('Incentive Slabs'!B$2:B$19=B6)*('Incentive Slabs'!C$2:C$19<=F6)*('Incentive Slabs'!D$2:D$19>F6)*'Incentive Slabs'!E$2:E$19) -> 55 | H6: =E6*G6 -> 6875
A7: Agent C | B7: L1 | C7: C3 | D7: 60 | E7: 75 | F7: =ROUND(E7/D7*100,1) -> 125 | G7: =SUMPRODUCT(('Incentive Slabs'!A$2:A$19=C7)*('Incentive Slabs'!B$2:B$19=B7)*('Incentive Slabs'!C$2:C$19<=F7)*('Incentive Slabs'!D$2:D$19>F7)*'Incentive Slabs'!E$2:E$19) -> 30 | H7: =E7*G7 -> 2250
H8: =SUM(H2:H7) -> 42725

Sheet Summary
A1: Agent Name | B1: Employee Grade | C1: Total Tasks Completed | D1: Total Incentive
A2: Agent A | B2: L1 | C2: =SUMIF('Agent Performance'!A:A,"Agent A",'Agent Performance'!E:E) -> 215 | D2: =SUMIF('Agent Performance'!A:A,"Agent A",'Agent Performance'!H:H) -> 27000
A3: Agent B | B3: L2 | C3: =SUMIF('Agent Performance'!A:A,"Agent B",'Agent Performance'!E:E) -> 155 | D3: =SUMIF('Agent Performance'!A:A,"Agent B",'Agent Performance'!H:H) -> 6600
A4: Agent C | B4: L1 | C4: =SUMIF('Agent Performance'!A:A,"Agent C",'Agent Performance'!E:E) -> 200 | D4: =SUMIF('Agent Performance'!A:A,"Agent C",'Agent Performance'!H:H) -> 9125

Sheet Instructions
A1: INCENTIVE CALCULATOR - INSTRUCTIONS
A3: 1. INCENTIVE SLABS sheet: Define your payout slabs here.
A4: - Add rows for each Task Category x Grade x Completion % range.
A5: - Min Completion % is inclusive, Max is exclusive.
A6: - Use 999 for "no upper limit" on the highest slab.
A8: 2. AGENT PERFORMANCE sheet: Enter agent task data.
A9: - Fill in: Agent Name, Grade, Task Category, Target Tasks, Tasks Completed.
A10: - Columns F, G, H are auto-calculated (do not edit manually).
A11: - To add more rows: copy row 2 formulas down.
A13: 3. SUMMARY sheet: Auto-sums total incentive per agent.
A15: HOW THE PAYOUT LOOKUP WORKS:
A16: Uses SUMPRODUCT to find the matching slab row where:
... A26: - Below 100% = no incentive (no matching slab, returns 0).
